{"MSE": 0.621678474190457, "R2_Score": -1.4819521776482705}